locatie,type,tijd_van_toevoeging,begintijd,eindtijd,rijstroken,opmerkingen,validiteit,naam,is_uitgesloten
RWS01_MONIBAS_0101hrl0175ra,avg_vehicle_categories,2022-11-14 14:37:42,2022-11-12 00:00:00,2022-11-14 00:00:00,alle rijstroken,"Uitsluiting vanuit Davinci, code(s): E09",5.0,technische uitsluiting,JA
RWS01_MONIBAS_0101hrl0175ra,avg_speed,2022-10-06 15:38:43,2022-04-07 00:00:00,2022-10-06 00:00:00,alle rijstroken,"Uitsluiting vanuit Davinci, code(s): E09",5.0,technische uitsluiting,JA
RWS01_MONIBAS_0101hrl0175ra,avg_vehicle_categories,2022-10-06 15:38:43,2022-04-07 00:00:00,2022-10-06 00:00:00,alle rijstroken,"Uitsluiting vanuit Davinci, code(s): E09",5.0,technische uitsluiting,JA
RWS01_MONIBAS_0101hrl0175ra,avg_vehicle_categories,2022-11-11 14:37:45,2022-11-10 00:00:00,2022-11-11 00:00:00,alle rijstroken,"Uitsluiting vanuit Davinci, code(s): E09",5.0,technische uitsluiting,JA
RWS01_MONIBAS_0101hrl0175ra,avg_flow,2022-11-14 14:37:42,2022-11-12 00:00:00,2022-11-14 00:00:00,alle rijstroken,"Uitsluiting vanuit Davinci, code(s): E09",5.0,technische uitsluiting,JA
RWS01_MONIBAS_0101hrl0175ra,avg_vehicle_categories,2022-11-14 14:37:42,2022-11-12 00:00:00,2022-11-14 00:00:00,alle rijstroken,"Uitsluiting vanuit Davinci, code(s): E09",5.0,technische uitsluiting,JA
RWS01_MONIBAS_0101hrl0175ra,avg_speed,2022-11-11 14:37:45,2022-11-10 00:00:00,2022-11-11 00:00:00,alle rijstroken,"Uitsluiting vanuit Davinci, code(s): E09",5.0,technische uitsluiting,JA
RWS01_MONIBAS_0101hrl0175ra,avg_speed,2022-11-14 14:37:42,2022-11-12 00:00:00,2022-11-14 00:00:00,alle rijstroken,"Uitsluiting vanuit Davinci, code(s): E09",5.0,technische uitsluiting,JA
RWS01_MONIBAS_0101hrl0175ra,avg_flow,2022-11-14 14:37:41,2022-11-12 00:00:00,2022-11-14 00:00:00,alle rijstroken,"Uitsluiting vanuit Davinci, code(s): E09",5.0,technische uitsluiting,JA
RWS01_MONIBAS_0101hrl0175ra,avg_flow,2022-11-11 14:37:44,2022-11-10 00:00:00,2022-11-11 00:00:00,alle rijstroken,"Uitsluiting vanuit Davinci, code(s): E09",5.0,technische uitsluiting,JA
RWS01_MONIBAS_0101hrl0175ra,avg_speed,2022-11-14 14:37:42,2022-11-12 00:00:00,2022-11-14 00:00:00,alle rijstroken,"Uitsluiting vanuit Davinci, code(s): E09",5.0,technische uitsluiting,JA
RWS01_MONIBAS_0101hrl0175ra,avg_flow,2022-10-06 15:38:42,2022-04-07 00:00:00,2022-10-06 00:00:00,alle rijstroken,"Uitsluiting vanuit Davinci, code(s): E09",5.0,technische uitsluiting,JA
Alle,avg_vehicle_categories,,,,,"Voertuigcategorie 1 (1,85-2,40m, motoren) data is zeer beperkt bruikbaar door lage kwaliteit en zeker niet bruikbaar voor beleidsdoeleinden",,,NEE
