locatie,type,tijd_van_toevoeging,begintijd,eindtijd,rijstroken,opmerkingen,validiteit,naam,is_uitgesloten
RWS01_MONIBAS_0101hrl0239ra,avg_speed,2023-03-25 14:37:59,2023-03-24 00:00:00,2023-03-25 00:00:00,alle rijstroken,"Uitsluiting vanuit Davinci, code(s): DO1",5.0,technische uitsluiting,JA
RWS01_MONIBAS_0101hrl0033ra,avg_flow,2023-03-28 15:37:43,2023-03-26 00:00:00,2023-03-28 00:00:00,alle rijstroken,"Uitsluiting vanuit Davinci, code(s): DO1",5.0,technische uitsluiting,JA
RWS01_MONIBAS_0101hrr0239ra,avg_vehicle_categories,2023-03-25 14:38:19,2023-03-24 00:00:00,2023-03-25 00:00:00,alle rijstroken,"Uitsluiting vanuit Davinci, code(s): DO1",5.0,technische uitsluiting,JA
RWS01_MONIBAS_0101hrl0033ra,avg_flow,2023-03-28 15:37:43,2023-03-27 00:00:00,2023-03-28 00:00:00,alle rijstroken,"Uitsluiting vanuit Davinci, code(s): DO1",5.0,technische uitsluiting,JA
RWS01_MONIBAS_0101hrl0033ra,avg_speed,2023-03-28 15:37:43,2023-03-26 00:00:00,2023-03-28 00:00:00,alle rijstroken,"Uitsluiting vanuit Davinci, code(s): DO1",5.0,technische uitsluiting,JA
RWS01_MONIBAS_0101hrr0032ra,avg_flow,2023-03-28 15:37:53,2023-03-25 00:00:00,2023-03-28 00:00:00,alle rijstroken,"Uitsluiting vanuit Davinci, code(s): DO1",5.0,technische uitsluiting,JA
RWS01_MONIBAS_0101hrr0239ra,avg_speed,2023-03-25 14:38:19,2023-03-24 00:00:00,2023-03-25 00:00:00,alle rijstroken,"Uitsluiting vanuit Davinci, code(s): DO1",5.0,technische uitsluiting,JA
RWS01_MONIBAS_0101hrl0033ra,avg_vehicle_categories,2023-03-28 15:37:44,2023-03-26 00:00:00,2023-03-28 00:00:00,alle rijstroken,"Uitsluiting vanuit Davinci, code(s): DO1",5.0,technische uitsluiting,JA
RWS01_MONIBAS_0101hrl0033ra,avg_vehicle_categories,2023-03-28 15:37:44,2023-03-27 00:00:00,2023-03-28 00:00:00,alle rijstroken,"Uitsluiting vanuit Davinci, code(s): DO1",5.0,technische uitsluiting,JA
RWS01_MONIBAS_0101hrr0032ra,avg_speed,2023-03-28 15:37:53,2023-03-25 00:00:00,2023-03-28 00:00:00,alle rijstroken,"Uitsluiting vanuit Davinci, code(s): DO1",5.0,technische uitsluiting,JA
RWS01_MONIBAS_0101hrl0033ra,avg_speed,2023-03-28 15:37:44,2023-03-27 00:00:00,2023-03-28 00:00:00,alle rijstroken,"Uitsluiting vanuit Davinci, code(s): DO1",5.0,technische uitsluiting,JA
RWS01_MONIBAS_0101hrl0239ra,avg_vehicle_categories,2023-03-25 14:37:59,2023-03-24 00:00:00,2023-03-25 00:00:00,alle rijstroken,"Uitsluiting vanuit Davinci, code(s): DO1",5.0,technische uitsluiting,JA
RWS01_MONIBAS_0101hrr0239ra,avg_flow,2023-03-25 14:38:18,2023-03-24 00:00:00,2023-03-25 00:00:00,alle rijstroken,"Uitsluiting vanuit Davinci, code(s): DO1",5.0,technische uitsluiting,JA
RWS01_MONIBAS_0101hrr0032ra,avg_vehicle_categories,2023-03-28 15:37:53,2023-03-25 00:00:00,2023-03-28 00:00:00,alle rijstroken,"Uitsluiting vanuit Davinci, code(s): DO1",5.0,technische uitsluiting,JA
RWS01_MONIBAS_0101hrl0239ra,avg_flow,2023-03-25 14:37:59,2023-03-24 00:00:00,2023-03-25 00:00:00,alle rijstroken,"Uitsluiting vanuit Davinci, code(s): DO1",5.0,technische uitsluiting,JA
Alle,avg_vehicle_categories,,,,,"Voertuigcategorie 1 (1,85-2,40m, motoren) data is zeer beperkt bruikbaar door lage kwaliteit en zeker niet bruikbaar voor beleidsdoeleinden",,,NEE
