locatie,type,tijd_van_toevoeging,begintijd,eindtijd,rijstroken,opmerkingen,validiteit,naam,is_uitgesloten
RWS01_MONIBAS_0101hrl0175ra,avg_speed,2022-12-06 14:50:58,2020-10-24 00:00:00,2020-11-25 00:00:00,alle rijstroken,"Uitsluiting vanuit Davinci, code(s): E09",5.0,technische uitsluiting,JA
RWS01_MONIBAS_0101hrl0175ra,avg_vehicle_categories,2022-12-06 14:50:58,2020-10-24 00:00:00,2020-11-25 00:00:00,alle rijstroken,"Uitsluiting vanuit Davinci, code(s): E09",5.0,technische uitsluiting,JA
RWS01_MONIBAS_0101hrl0175ra,avg_flow,2022-12-06 14:50:58,2020-10-24 00:00:00,2020-11-25 00:00:00,alle rijstroken,"Uitsluiting vanuit Davinci, code(s): E09",5.0,technische uitsluiting,JA
Alle,avg_vehicle_categories,,,,,"Voertuigcategorie 1 (1,85-2,40m, motoren) data is zeer beperkt bruikbaar door lage kwaliteit en zeker niet bruikbaar voor beleidsdoeleinden",,,NEE
